{
    "textures": {
        "particle": "blocks/brewing_stand",
        "stand": "blocks/brewing_stand",
        "glow_stand": "blocks/brew_glow_tube"
    },
    "elements": [
        {   "from": [ 0, 0, 8 ],
            "to": [ 8, 16, 8 ],
            "rotation": {
                "origin": [ 8, 8, 8 ],
                "axis": "y",
                "angle": -45
            },
            "faces": {
                "north": { "uv": [ 8,  0, 16, 16 ], "texture": "#stand" },
                "south": { "uv": [ 16, 0,  8, 16 ], "texture": "#stand" }
            }
        },
        {   "from": [ 0, 0, 8 ],
            "to": [ 8, 16, 8 ],
            "shade": false,
            "rotation": {
                "origin": [ 8, 8, 8 ],
                "axis": "y",
                "angle": -45
            },
            "faces": {
                "north": { "uv": [ 8,  0, 16, 16 ], "texture": "#glow_stand" },
                "south": { "uv": [ 16, 0,  8, 16 ], "texture": "#glow_stand" }
            }
        }
    ]
}
