{
    "textures": {
        "particle": "blocks/brewing_stand",
        "stand": "blocks/brewing_stand",
        "glow_stand": "blocks/brew_glow_tube",
        "glow_bottle": "blocks/brew_glow_bottle"
    },
    "elements": [
        {   "from": [ -0.41, 0, 8 ],
            "to": [ 7.59, 16, 8 ],
            "rotation": {
                "origin": [ 8, 8, 8 ],
                "axis": "y",
                "angle": -45
            },
            "faces": {
                "north": { "uv": [ 8, 0, 0, 16 ], "texture": "#stand" },
                "south": { "uv": [ 0, 0, 8, 16 ], "texture": "#stand" }
            }
        },
        {   "from": [ -0.41, 0, 8 ],
            "to": [ 7.59, 16, 8 ],
            "shade": false,
            "rotation": {
                "origin": [ 8, 8, 8 ],
                "axis": "y",
                "angle": -45
            },
            "faces": {
                "north": { "uv": [ 8, 0, 0, 16 ], "texture": "#glow_stand" },
                "south": { "uv": [ 0, 0, 8, 16 ], "texture": "#glow_stand" }
            }
        },
        {   "from": [ -0.41, 0, 8 ],
            "to": [ 7.59, 16, 8 ],
            "shade": false,
            "rotation": {
                "origin": [ 8, 8, 8 ],
                "axis": "y",
                "angle": -45
            },
            "faces": {
                "north": { "uv": [ 8, 0, 0, 16 ], "texture": "#glow_bottle" },
                "south": { "uv": [ 0, 0, 8, 16 ], "texture": "#glow_bottle" }
            }
        }
    ]
}
