{   "parent": "block/block",
    "textures": {
        "particle": "blocks/enchanting_table_bottom",
        "bottom": "blocks/enchanting_table_bottom",
        "top": "blocks/enchanting_table_top",
        "side": "blocks/enchanting_table_side",
        "glow_top": "blocks/enchanting_table_top_glow",
        "glow_side": "blocks/enchanting_table_side_glow"
    },
    "elements": [
        {   "from": [ 0, 0, 0 ],
            "to": [ 16, 12, 16 ],
            "faces": {
                "down":  { "uv": [ 0, 0, 16, 16 ], "texture": "#bottom", "cullface": "down" },
                "up":    { "uv": [ 0, 0, 16, 16 ], "texture": "#top" },
                "north": { "uv": [ 0, 4, 16, 16 ], "texture": "#side", "cullface": "north" },
                "south": { "uv": [ 0, 4, 16, 16 ], "texture": "#side", "cullface": "south" },
                "west":  { "uv": [ 0, 4, 16, 16 ], "texture": "#side", "cullface": "west" },
                "east":  { "uv": [ 0, 4, 16, 16 ], "texture": "#side", "cullface": "east" }
            }
        },
        {   "from": [ 0, 0, 0 ],
            "to": [ 16, 12, 16 ],
            "shade": false,
            "faces": {
                "up":    { "uv": [ 0, 0, 16, 16 ], "texture": "#glow_top" },
                "north": { "uv": [ 0, 4, 16, 16 ], "texture": "#glow_side", "cullface": "north" },
                "south": { "uv": [ 0, 4, 16, 16 ], "texture": "#glow_side", "cullface": "south" },
                "west":  { "uv": [ 0, 4, 16, 16 ], "texture": "#glow_side", "cullface": "west" },
                "east":  { "uv": [ 0, 4, 16, 16 ], "texture": "#glow_side", "cullface": "east" }
            }
        }
    ]
}
