{
    "parent": "block/util_block_no_ao",
    "ambientocclusion": false,
    "elements": [
        {   "from": [ 0, 0, 0 ],
            "to": [ 16, 16, 16 ],
            "faces": {
                "down":  { "texture": "#all", "cullface": "down" },
                "up":    { "texture": "#all", "cullface": "up" },
                "north": { "texture": "#all", "cullface": "north" },
                "south": { "texture": "#all", "cullface": "south" },
                "west":  { "texture": "#all", "cullface": "west" },
                "east":  { "texture": "#all", "cullface": "east" }
            }
        },
        {   "from": [ 0, 0, 0 ],
            "to": [ 16, 16, 16 ],
            "shade": false,
            "faces": {
                "down":  { "texture": "#glow_2", "cullface": "down" },
                "up":    { "texture": "#glow_2", "cullface": "up" },
                "north": { "texture": "#glow_2", "cullface": "north" },
                "south": { "texture": "#glow_2", "cullface": "south" },
                "west":  { "texture": "#glow_2", "cullface": "west" },
                "east":  { "texture": "#glow_2", "cullface": "east" }
            }
        },
        {   "from": [ 0, 0, 0 ],
            "to": [ 16, 16, 16 ],
            "shade": false,
            "faces": {
                "down":  { "texture": "#glow_1", "cullface": "down" },
                "up":    { "texture": "#glow_1", "cullface": "up" },
                "north": { "texture": "#glow_1", "cullface": "north" },
                "south": { "texture": "#glow_1", "cullface": "south" },
                "west":  { "texture": "#glow_1", "cullface": "west" },
                "east":  { "texture": "#glow_1", "cullface": "east" }
            }
        }
    ]
}
