{
    "aaronchupa-littlesisnora.littleswing": {
        "subtitle": "Unknown sound",
        "replace": false,
        "sounds": [
            {
                "name": "custom/aronchupa-little-sis-nora_little-swing",
                "volume": 1,
                "weight": 1,
                "pitch": 1,
                "attenuation_distance": 16,
                "stream": false,
                "preload": false
            }
        ]
    },
    "aaronchupa-littlesisnora.raveinthegrave": {
        "subtitle": "Unknown sound",
        "replace": false,
        "sounds": [
            {
                "name": "custom/aronchupa-little-sis-nora_rave-in-the-grave",
                "volume": 1,
                "weight": 1,
                "pitch": 1,
                "attenuation_distance": 16,
                "stream": false,
                "preload": false
            }
        ]
    },
    "dth.draussenvordertuer": {
        "subtitle": "Unknown sound",
        "replace": false,
        "sounds": [
            {
                "name": "custom/die-toten-hosen_draussen-vor-der-tur",
                "volume": 1,
                "weight": 1,
                "pitch": 1,
                "attenuation_distance": 16,
                "stream": false,
                "preload": false
            }
        ]
    },
    "dth.ballastderrepublik": {
        "subtitle": "",
        "replace": false,
        "sounds": []
    },
    "kshmr-b3nte-badjack.thespookreturns": {
        "subtitle": "Unknown sound",
        "replace": false,
        "sounds": [
            {
                "name": "custom/kshmr-b3nte-badjack_the-spook-returns",
                "volume": 1,
                "weight": 1,
                "pitch": 1,
                "attenuation_distance": 16,
                "stream": false,
                "preload": false
            }
        ]
    },
    "yiruma.riverflowsinyou": {
        "subtitle": "Unknown sound",
        "replace": false,
        "sounds": [
            {
                "name": "custom/yiruma_river-flows-in-you",
                "volume": 1,
                "weight": 1,
                "pitch": 1,
                "attenuation_distance": 16,
                "stream": false,
                "preload": false
            }
        ]
    }
}