{
  "parent": "minecraft:item/generated",
  "textures": {
    "layer0": "minecraft:item/music_disc_11"
  },
  "overrides": [
        { "predicate": {"custom_model_data": 1 }, "model": "minecraft:item/music_disc_13" },
        { "predicate": {"custom_model_data": 2 }, "model": "minecraft:item/music_disc_blocks" },
        { "predicate": {"custom_model_data": 3 }, "model": "minecraft:item/music_disc_cat" },
        { "predicate": {"custom_model_data": 4 }, "model": "minecraft:item/music_disc_chirp" }
		{ "predicate": {"custom_model_data": 5 }, "model": "minecraft:item/music_disc_far" },
        { "predicate": {"custom_model_data": 6 }, "model": "minecraft:item/music_disc_mall" },
        { "predicate": {"custom_model_data": 7 }, "model": "minecraft:item/music_disc_mellohi" },
        { "predicate": {"custom_model_data": 8 }, "model": "minecraft:item/music_disc_pigstep" }
		{ "predicate": {"custom_model_data": 9 }, "model": "minecraft:item/music_disc_stal" },
        { "predicate": {"custom_model_data": 10 }, "model": "minecraft:item/music_disc_strad" },
        { "predicate": {"custom_model_data": 11 }, "model": "minecraft:item/music_disc_wait" },
        { "predicate": {"custom_model_data": 12 }, "model": "minecraft:item/music_disc_ward" }
    ]
}