{
    "multipart": [
        {   "apply": { "model": "glass_pane_post", "uvlock": true }},
        {   "when": { "north": true },
            "apply": { "model": "glass_pane_side", "uvlock": true  }
        },
        {   "when": { "east": true },
            "apply": { "model": "glass_pane_side", "y": 90, "uvlock": true  }
        },
        {   "when": { "south": true },
            "apply": { "model": "glass_pane_side", "y": 180, "uvlock": true  }
        },
        {   "when": { "west": true },
            "apply": { "model": "glass_pane_side", "y": 270, "uvlock": true  }
        },
        {   "when": { "north": false },
            "apply": { "model": "glass_pane_noside", "uvlock": true  }
        },
        {   "when": { "east": false },
            "apply": { "model": "glass_pane_noside", "y": 90, "uvlock": true  }
        },
        {   "when": { "south": false },
            "apply": { "model": "glass_pane_noside", "y": 180, "uvlock": true  }
        },
        {   "when": { "west": false },
            "apply": { "model": "glass_pane_noside", "y": 270, "uvlock": true  }
        }
    ]
}
