{
    "variants": {
        "normal": [
            { "model": "black_concrete_powder" },
			{ "model": "black_concrete_powder_0" },
			{ "model": "black_concrete_powder_1" },
			{ "model": "black_concrete_powder_2" },
			{ "model": "black_concrete_powder_3" },
            { "model": "black_concrete_powder", "y": 90 },
			{ "model": "black_concrete_powder_0", "y": 90 },
			{ "model": "black_concrete_powder_1", "y": 90 },
			{ "model": "black_concrete_powder_2", "y": 90 },
			{ "model": "black_concrete_powder_3", "y": 90 },
            { "model": "black_concrete_powder", "y": 180 },
			{ "model": "black_concrete_powder_0", "y": 180 },
			{ "model": "black_concrete_powder_1", "y": 180 },
			{ "model": "black_concrete_powder_2", "y": 180 },
			{ "model": "black_concrete_powder_3", "y": 180 },
            { "model": "black_concrete_powder", "y": 270 },
			{ "model": "black_concrete_powder_0", "y": 270 },
			{ "model": "black_concrete_powder_1", "y": 270 },
			{ "model": "black_concrete_powder_2", "y": 270 },
			{ "model": "black_concrete_powder_3", "y": 270 }
        ]
    }
}
