{
    "multipart": [
        {   "apply": { "model": "brewing_stand" }},
        {   "when": { "has_bottle_0": "true" },
            "apply": [
			{ "model": "brewing_stand_bottle0" },
			{ "model": "brewing_stand_bottle0_0" },
			{ "model": "brewing_stand_bottle0_1" },
			{ "model": "brewing_stand_bottle0_2" },
			{ "model": "brewing_stand_bottle0_3" },
			{ "model": "brewing_stand_bottle0_4" },
			{ "model": "brewing_stand_bottle0_5" },
			{ "model": "brewing_stand_bottle0_6" },
			{ "model": "brewing_stand_bottle0_7" },
			{ "model": "brewing_stand_bottle0_8" },
			{ "model": "brewing_stand_bottle0_9" },
			{ "model": "brewing_stand_bottle0_10" },
			{ "model": "brewing_stand_bottle0_11" },
			{ "model": "brewing_stand_bottle0_12" }
        ]},
        {   "when": { "has_bottle_1": "true" },
            "apply": [
			{ "model": "brewing_stand_bottle1" },
			{ "model": "brewing_stand_bottle1_0" },
			{ "model": "brewing_stand_bottle1_1" },
			{ "model": "brewing_stand_bottle1_2" },
			{ "model": "brewing_stand_bottle1_3" },
			{ "model": "brewing_stand_bottle1_4" },
			{ "model": "brewing_stand_bottle1_5" },
			{ "model": "brewing_stand_bottle1_6" },
			{ "model": "brewing_stand_bottle1_7" },
			{ "model": "brewing_stand_bottle1_8" },
			{ "model": "brewing_stand_bottle1_9" },
			{ "model": "brewing_stand_bottle1_10" },
			{ "model": "brewing_stand_bottle1_11" },
			{ "model": "brewing_stand_bottle1_12" }
        ]},
        {   "when": { "has_bottle_2": "true" },
            "apply": [
			{ "model": "brewing_stand_bottle2" },
			{ "model": "brewing_stand_bottle2_0" },
			{ "model": "brewing_stand_bottle2_1" },
			{ "model": "brewing_stand_bottle2_2" },
			{ "model": "brewing_stand_bottle2_3" },
			{ "model": "brewing_stand_bottle2_4" },
			{ "model": "brewing_stand_bottle2_5" },
			{ "model": "brewing_stand_bottle2_6" },
			{ "model": "brewing_stand_bottle2_7" },
			{ "model": "brewing_stand_bottle2_8" },
			{ "model": "brewing_stand_bottle2_9" },
			{ "model": "brewing_stand_bottle2_10" },
			{ "model": "brewing_stand_bottle2_11" },
			{ "model": "brewing_stand_bottle2_12" }
        ]},
        {   "when": { "has_bottle_0": "false" },
            "apply": [
			{ "model": "brewing_stand_empty0" },
			{ "model": "brewing_stand_empty0_0" },
			{ "model": "brewing_stand_empty0_1" },
			{ "model": "brewing_stand_empty0_2" },
			{ "model": "brewing_stand_empty0_3" },
			{ "model": "brewing_stand_empty0_4" },
			{ "model": "brewing_stand_empty0_5" },
			{ "model": "brewing_stand_empty0_6" },
			{ "model": "brewing_stand_empty0_7" },
			{ "model": "brewing_stand_empty0_8" },
			{ "model": "brewing_stand_empty0_9" },
			{ "model": "brewing_stand_empty0_10" },
			{ "model": "brewing_stand_empty0_11" },
			{ "model": "brewing_stand_empty0_12" }
        ]},
        {   "when": { "has_bottle_1": "false" },
            "apply": [
			{ "model": "brewing_stand_empty1" },
			{ "model": "brewing_stand_empty1_0" },
			{ "model": "brewing_stand_empty1_1" },
			{ "model": "brewing_stand_empty1_2" },
			{ "model": "brewing_stand_empty1_3" },
			{ "model": "brewing_stand_empty1_4" },
			{ "model": "brewing_stand_empty1_5" },
			{ "model": "brewing_stand_empty1_6" },
			{ "model": "brewing_stand_empty1_7" },
			{ "model": "brewing_stand_empty1_8" },
			{ "model": "brewing_stand_empty1_9" },
			{ "model": "brewing_stand_empty1_10" },
			{ "model": "brewing_stand_empty1_11" },
			{ "model": "brewing_stand_empty1_12" }
        ]},
        {   "when": { "has_bottle_2": "false" },
            "apply": [
			{ "model": "brewing_stand_empty2" },
			{ "model": "brewing_stand_empty2_0" },
			{ "model": "brewing_stand_empty2_1" },
			{ "model": "brewing_stand_empty2_2" },
			{ "model": "brewing_stand_empty2_3" },
			{ "model": "brewing_stand_empty2_4" },
			{ "model": "brewing_stand_empty2_5" },
			{ "model": "brewing_stand_empty2_6" },
			{ "model": "brewing_stand_empty2_7" },
			{ "model": "brewing_stand_empty2_8" },
			{ "model": "brewing_stand_empty2_9" },
			{ "model": "brewing_stand_empty2_10" },
			{ "model": "brewing_stand_empty2_11" },
			{ "model": "brewing_stand_empty2_12" }
        ]}
    ]
}
