{
    "variants": {
        "facing=east,half=bottom,shape=straight":  [ { "model": "purpur_stairs" },
				{ "model": "purpur_stairs_0" },
				{ "model": "purpur_stairs_1" },
				{ "model": "purpur_stairs_2" },
				{ "model": "purpur_stairs_3" },
				{ "model": "purpur_stairs_4" },
				{ "model": "purpur_stairs_5" },
				{ "model": "purpur_stairs_6" },
				{ "model": "purpur_stairs_7" } ],
        "facing=west,half=bottom,shape=straight":  [ { "model": "purpur_stairs", "y": 180, "uvlock": true },
				{ "model": "purpur_stairs_0", "y": 180, "uvlock": true },
				{ "model": "purpur_stairs_1", "y": 180, "uvlock": true },
				{ "model": "purpur_stairs_2", "y": 180, "uvlock": true },
				{ "model": "purpur_stairs_3", "y": 180, "uvlock": true },
				{ "model": "purpur_stairs_4", "y": 180, "uvlock": true },
				{ "model": "purpur_stairs_5", "y": 180, "uvlock": true },
				{ "model": "purpur_stairs_6", "y": 180, "uvlock": true },
				{ "model": "purpur_stairs_7", "y": 180, "uvlock": true } ],
        "facing=south,half=bottom,shape=straight": [ { "model": "purpur_stairs", "y": 90, "uvlock": true },
				{ "model": "purpur_stairs_0", "y": 90, "uvlock": true },
				{ "model": "purpur_stairs_1", "y": 90, "uvlock": true },
				{ "model": "purpur_stairs_2", "y": 90, "uvlock": true },
				{ "model": "purpur_stairs_3", "y": 90, "uvlock": true },
				{ "model": "purpur_stairs_4", "y": 90, "uvlock": true },
				{ "model": "purpur_stairs_5", "y": 90, "uvlock": true },
				{ "model": "purpur_stairs_6", "y": 90, "uvlock": true },
				{ "model": "purpur_stairs_7", "y": 90, "uvlock": true } ],
        "facing=north,half=bottom,shape=straight": [ { "model": "purpur_stairs", "y": 270, "uvlock": true },
				{ "model": "purpur_stairs_0", "y": 270, "uvlock": true },
				{ "model": "purpur_stairs_1", "y": 270, "uvlock": true },
				{ "model": "purpur_stairs_2", "y": 270, "uvlock": true },
				{ "model": "purpur_stairs_3", "y": 270, "uvlock": true },
				{ "model": "purpur_stairs_4", "y": 270, "uvlock": true },
				{ "model": "purpur_stairs_5", "y": 270, "uvlock": true },
				{ "model": "purpur_stairs_6", "y": 270, "uvlock": true },
				{ "model": "purpur_stairs_7", "y": 270, "uvlock": true } ],
        "facing=east,half=bottom,shape=outer_right":  [ { "model": "purpur_outer_stairs" },
				{ "model": "purpur_outer_stairs_0" },
				{ "model": "purpur_outer_stairs_1" },
				{ "model": "purpur_outer_stairs_2" },
				{ "model": "purpur_outer_stairs_3" },
				{ "model": "purpur_outer_stairs_4" },
				{ "model": "purpur_outer_stairs_5" },
				{ "model": "purpur_outer_stairs_6" },
				{ "model": "purpur_outer_stairs_7" } ],
        "facing=west,half=bottom,shape=outer_right":  [ { "model": "purpur_outer_stairs", "y": 180, "uvlock": true },
				{ "model": "purpur_outer_stairs_0", "y": 180, "uvlock": true },
				{ "model": "purpur_outer_stairs_1", "y": 180, "uvlock": true },
				{ "model": "purpur_outer_stairs_2", "y": 180, "uvlock": true },
				{ "model": "purpur_outer_stairs_3", "y": 180, "uvlock": true },
				{ "model": "purpur_outer_stairs_4", "y": 180, "uvlock": true },
				{ "model": "purpur_outer_stairs_5", "y": 180, "uvlock": true },
				{ "model": "purpur_outer_stairs_6", "y": 180, "uvlock": true },
				{ "model": "purpur_outer_stairs_7", "y": 180, "uvlock": true } ],
        "facing=south,half=bottom,shape=outer_right": [ { "model": "purpur_outer_stairs", "y": 90, "uvlock": true },
				{ "model": "purpur_outer_stairs_0", "y": 90, "uvlock": true },
				{ "model": "purpur_outer_stairs_1", "y": 90, "uvlock": true },
				{ "model": "purpur_outer_stairs_2", "y": 90, "uvlock": true },
				{ "model": "purpur_outer_stairs_3", "y": 90, "uvlock": true },
				{ "model": "purpur_outer_stairs_4", "y": 90, "uvlock": true },
				{ "model": "purpur_outer_stairs_5", "y": 90, "uvlock": true },
				{ "model": "purpur_outer_stairs_6", "y": 90, "uvlock": true },
				{ "model": "purpur_outer_stairs_7", "y": 90, "uvlock": true } ],
        "facing=north,half=bottom,shape=outer_right": [ { "model": "purpur_outer_stairs", "y": 270, "uvlock": true },
				{ "model": "purpur_outer_stairs_0", "y": 270, "uvlock": true },
				{ "model": "purpur_outer_stairs_1", "y": 270, "uvlock": true },
				{ "model": "purpur_outer_stairs_2", "y": 270, "uvlock": true },
				{ "model": "purpur_outer_stairs_3", "y": 270, "uvlock": true },
				{ "model": "purpur_outer_stairs_4", "y": 270, "uvlock": true },
				{ "model": "purpur_outer_stairs_5", "y": 270, "uvlock": true },
				{ "model": "purpur_outer_stairs_6", "y": 270, "uvlock": true },
				{ "model": "purpur_outer_stairs_7", "y": 270, "uvlock": true } ],
        "facing=east,half=bottom,shape=outer_left":  [ { "model": "purpur_outer_stairs", "y": 270, "uvlock": true },
				{ "model": "purpur_outer_stairs_0", "y": 270, "uvlock": true },
				{ "model": "purpur_outer_stairs_1", "y": 270, "uvlock": true },
				{ "model": "purpur_outer_stairs_2", "y": 270, "uvlock": true },
				{ "model": "purpur_outer_stairs_3", "y": 270, "uvlock": true },
				{ "model": "purpur_outer_stairs_4", "y": 270, "uvlock": true },
				{ "model": "purpur_outer_stairs_5", "y": 270, "uvlock": true },
				{ "model": "purpur_outer_stairs_6", "y": 270, "uvlock": true },
				{ "model": "purpur_outer_stairs_7", "y": 270, "uvlock": true } ],
        "facing=west,half=bottom,shape=outer_left":  [ { "model": "purpur_outer_stairs", "y": 90, "uvlock": true },
				{ "model": "purpur_outer_stairs_0", "y": 90, "uvlock": true },
				{ "model": "purpur_outer_stairs_1", "y": 90, "uvlock": true },
				{ "model": "purpur_outer_stairs_2", "y": 90, "uvlock": true },
				{ "model": "purpur_outer_stairs_3", "y": 90, "uvlock": true },
				{ "model": "purpur_outer_stairs_4", "y": 90, "uvlock": true },
				{ "model": "purpur_outer_stairs_5", "y": 90, "uvlock": true },
				{ "model": "purpur_outer_stairs_6", "y": 90, "uvlock": true },
				{ "model": "purpur_outer_stairs_7", "y": 90, "uvlock": true } ],
        "facing=south,half=bottom,shape=outer_left": [ { "model": "purpur_outer_stairs" },
				{ "model": "purpur_outer_stairs_0" },
				{ "model": "purpur_outer_stairs_1" },
				{ "model": "purpur_outer_stairs_2" },
				{ "model": "purpur_outer_stairs_3" },
				{ "model": "purpur_outer_stairs_4" },
				{ "model": "purpur_outer_stairs_5" },
				{ "model": "purpur_outer_stairs_6" },
				{ "model": "purpur_outer_stairs_7" } ],
        "facing=north,half=bottom,shape=outer_left": [ { "model": "purpur_outer_stairs", "y": 180, "uvlock": true },
				{ "model": "purpur_outer_stairs_0", "y": 180, "uvlock": true },
				{ "model": "purpur_outer_stairs_1", "y": 180, "uvlock": true },
				{ "model": "purpur_outer_stairs_2", "y": 180, "uvlock": true },
				{ "model": "purpur_outer_stairs_3", "y": 180, "uvlock": true },
				{ "model": "purpur_outer_stairs_4", "y": 180, "uvlock": true },
				{ "model": "purpur_outer_stairs_5", "y": 180, "uvlock": true },
				{ "model": "purpur_outer_stairs_6", "y": 180, "uvlock": true },
				{ "model": "purpur_outer_stairs_7", "y": 180, "uvlock": true } ],
        "facing=east,half=bottom,shape=inner_right":  [ { "model": "purpur_inner_stairs" },
				{ "model": "purpur_inner_stairs_0" },
				{ "model": "purpur_inner_stairs_1" },
				{ "model": "purpur_inner_stairs_2" },
				{ "model": "purpur_inner_stairs_3" },
				{ "model": "purpur_inner_stairs_4" },
				{ "model": "purpur_inner_stairs_5" },
				{ "model": "purpur_inner_stairs_6" },
				{ "model": "purpur_inner_stairs_7" } ],
        "facing=west,half=bottom,shape=inner_right":  [ { "model": "purpur_inner_stairs", "y": 180, "uvlock": true },
				{ "model": "purpur_inner_stairs_0", "y": 180, "uvlock": true },
				{ "model": "purpur_inner_stairs_1", "y": 180, "uvlock": true },
				{ "model": "purpur_inner_stairs_2", "y": 180, "uvlock": true },
				{ "model": "purpur_inner_stairs_3", "y": 180, "uvlock": true },
				{ "model": "purpur_inner_stairs_4", "y": 180, "uvlock": true },
				{ "model": "purpur_inner_stairs_5", "y": 180, "uvlock": true },
				{ "model": "purpur_inner_stairs_6", "y": 180, "uvlock": true },
				{ "model": "purpur_inner_stairs_7", "y": 180, "uvlock": true } ],
        "facing=south,half=bottom,shape=inner_right": [ { "model": "purpur_inner_stairs", "y": 90, "uvlock": true },
				{ "model": "purpur_inner_stairs_0", "y": 90, "uvlock": true },
				{ "model": "purpur_inner_stairs_1", "y": 90, "uvlock": true },
				{ "model": "purpur_inner_stairs_2", "y": 90, "uvlock": true },
				{ "model": "purpur_inner_stairs_3", "y": 90, "uvlock": true },
				{ "model": "purpur_inner_stairs_4", "y": 90, "uvlock": true },
				{ "model": "purpur_inner_stairs_5", "y": 90, "uvlock": true },
				{ "model": "purpur_inner_stairs_6", "y": 90, "uvlock": true },
				{ "model": "purpur_inner_stairs_7", "y": 90, "uvlock": true } ],
        "facing=north,half=bottom,shape=inner_right": [ { "model": "purpur_inner_stairs", "y": 270, "uvlock": true },
				{ "model": "purpur_inner_stairs_0", "y": 270, "uvlock": true },
				{ "model": "purpur_inner_stairs_1", "y": 270, "uvlock": true },
				{ "model": "purpur_inner_stairs_2", "y": 270, "uvlock": true },
				{ "model": "purpur_inner_stairs_3", "y": 270, "uvlock": true },
				{ "model": "purpur_inner_stairs_4", "y": 270, "uvlock": true },
				{ "model": "purpur_inner_stairs_5", "y": 270, "uvlock": true },
				{ "model": "purpur_inner_stairs_6", "y": 270, "uvlock": true },
				{ "model": "purpur_inner_stairs_7", "y": 270, "uvlock": true } ],
        "facing=east,half=bottom,shape=inner_left":  [ { "model": "purpur_inner_stairs", "y": 270, "uvlock": true },
				{ "model": "purpur_inner_stairs_0", "y": 270, "uvlock": true },
				{ "model": "purpur_inner_stairs_1", "y": 270, "uvlock": true },
				{ "model": "purpur_inner_stairs_2", "y": 270, "uvlock": true },
				{ "model": "purpur_inner_stairs_3", "y": 270, "uvlock": true },
				{ "model": "purpur_inner_stairs_4", "y": 270, "uvlock": true },
				{ "model": "purpur_inner_stairs_5", "y": 270, "uvlock": true },
				{ "model": "purpur_inner_stairs_6", "y": 270, "uvlock": true },
				{ "model": "purpur_inner_stairs_7", "y": 270, "uvlock": true } ],
        "facing=west,half=bottom,shape=inner_left":  [ { "model": "purpur_inner_stairs", "y": 90, "uvlock": true },
				{ "model": "purpur_inner_stairs_0", "y": 90, "uvlock": true },
				{ "model": "purpur_inner_stairs_1", "y": 90, "uvlock": true },
				{ "model": "purpur_inner_stairs_2", "y": 90, "uvlock": true },
				{ "model": "purpur_inner_stairs_3", "y": 90, "uvlock": true },
				{ "model": "purpur_inner_stairs_4", "y": 90, "uvlock": true },
				{ "model": "purpur_inner_stairs_5", "y": 90, "uvlock": true },
				{ "model": "purpur_inner_stairs_6", "y": 90, "uvlock": true },
				{ "model": "purpur_inner_stairs_7", "y": 90, "uvlock": true } ],
        "facing=south,half=bottom,shape=inner_left": [ { "model": "purpur_inner_stairs" },
				{ "model": "purpur_inner_stairs_0" },
				{ "model": "purpur_inner_stairs_1" },
				{ "model": "purpur_inner_stairs_2" },
				{ "model": "purpur_inner_stairs_3" },
				{ "model": "purpur_inner_stairs_4" },
				{ "model": "purpur_inner_stairs_5" },
				{ "model": "purpur_inner_stairs_6" },
				{ "model": "purpur_inner_stairs_7" } ],
        "facing=north,half=bottom,shape=inner_left": [ { "model": "purpur_inner_stairs", "y": 180, "uvlock": true },
				{ "model": "purpur_inner_stairs_0", "y": 180, "uvlock": true },
				{ "model": "purpur_inner_stairs_1", "y": 180, "uvlock": true },
				{ "model": "purpur_inner_stairs_2", "y": 180, "uvlock": true },
				{ "model": "purpur_inner_stairs_3", "y": 180, "uvlock": true },
				{ "model": "purpur_inner_stairs_4", "y": 180, "uvlock": true },
				{ "model": "purpur_inner_stairs_5", "y": 180, "uvlock": true },
				{ "model": "purpur_inner_stairs_6", "y": 180, "uvlock": true },
				{ "model": "purpur_inner_stairs_7", "y": 180, "uvlock": true } ],
        "facing=east,half=top,shape=straight":  [ { "model": "purpur_stairs", "x": 180, "uvlock": true },
				{ "model": "purpur_stairs_0", "x": 180, "uvlock": true },
				{ "model": "purpur_stairs_1", "x": 180, "uvlock": true },
				{ "model": "purpur_stairs_2", "x": 180, "uvlock": true },
				{ "model": "purpur_stairs_3", "x": 180, "uvlock": true },
				{ "model": "purpur_stairs_4", "x": 180, "uvlock": true },
				{ "model": "purpur_stairs_5", "x": 180, "uvlock": true },
				{ "model": "purpur_stairs_6", "x": 180, "uvlock": true },
				{ "model": "purpur_stairs_7", "x": 180, "uvlock": true } ],
        "facing=west,half=top,shape=straight":  [ { "model": "purpur_stairs", "x": 180, "y": 180, "uvlock": true },
				{ "model": "purpur_stairs_0", "x": 180, "y": 180, "uvlock": true },
				{ "model": "purpur_stairs_1", "x": 180, "y": 180, "uvlock": true },
				{ "model": "purpur_stairs_2", "x": 180, "y": 180, "uvlock": true },
				{ "model": "purpur_stairs_3", "x": 180, "y": 180, "uvlock": true },
				{ "model": "purpur_stairs_4", "x": 180, "y": 180, "uvlock": true },
				{ "model": "purpur_stairs_5", "x": 180, "y": 180, "uvlock": true },
				{ "model": "purpur_stairs_6", "x": 180, "y": 180, "uvlock": true },
				{ "model": "purpur_stairs_7", "x": 180, "y": 180, "uvlock": true } ],
        "facing=south,half=top,shape=straight": [ { "model": "purpur_stairs", "x": 180, "y": 90, "uvlock": true },
				{ "model": "purpur_stairs_0", "x": 180, "y": 90, "uvlock": true },
				{ "model": "purpur_stairs_1", "x": 180, "y": 90, "uvlock": true },
				{ "model": "purpur_stairs_2", "x": 180, "y": 90, "uvlock": true },
				{ "model": "purpur_stairs_3", "x": 180, "y": 90, "uvlock": true },
				{ "model": "purpur_stairs_4", "x": 180, "y": 90, "uvlock": true },
				{ "model": "purpur_stairs_5", "x": 180, "y": 90, "uvlock": true },
				{ "model": "purpur_stairs_6", "x": 180, "y": 90, "uvlock": true },
				{ "model": "purpur_stairs_7", "x": 180, "y": 90, "uvlock": true } ],
        "facing=north,half=top,shape=straight": [ { "model": "purpur_stairs", "x": 180, "y": 270, "uvlock": true },
				{ "model": "purpur_stairs_0", "x": 180, "y": 270, "uvlock": true },
				{ "model": "purpur_stairs_1", "x": 180, "y": 270, "uvlock": true },
				{ "model": "purpur_stairs_2", "x": 180, "y": 270, "uvlock": true },
				{ "model": "purpur_stairs_3", "x": 180, "y": 270, "uvlock": true },
				{ "model": "purpur_stairs_4", "x": 180, "y": 270, "uvlock": true },
				{ "model": "purpur_stairs_5", "x": 180, "y": 270, "uvlock": true },
				{ "model": "purpur_stairs_6", "x": 180, "y": 270, "uvlock": true },
				{ "model": "purpur_stairs_7", "x": 180, "y": 270, "uvlock": true } ],
        "facing=east,half=top,shape=outer_right":  [ { "model": "purpur_outer_stairs", "x": 180, "y": 90, "uvlock": true },
				{ "model": "purpur_outer_stairs_0", "x": 180, "y": 90, "uvlock": true },
				{ "model": "purpur_outer_stairs_1", "x": 180, "y": 90, "uvlock": true },
				{ "model": "purpur_outer_stairs_2", "x": 180, "y": 90, "uvlock": true },
				{ "model": "purpur_outer_stairs_3", "x": 180, "y": 90, "uvlock": true },
				{ "model": "purpur_outer_stairs_4", "x": 180, "y": 90, "uvlock": true },
				{ "model": "purpur_outer_stairs_5", "x": 180, "y": 90, "uvlock": true },
				{ "model": "purpur_outer_stairs_6", "x": 180, "y": 90, "uvlock": true },
				{ "model": "purpur_outer_stairs_7", "x": 180, "y": 90, "uvlock": true } ],
        "facing=west,half=top,shape=outer_right":  [ { "model": "purpur_outer_stairs", "x": 180, "y": 270, "uvlock": true },
				{ "model": "purpur_outer_stairs_0", "x": 180, "y": 270, "uvlock": true },
				{ "model": "purpur_outer_stairs_1", "x": 180, "y": 270, "uvlock": true },
				{ "model": "purpur_outer_stairs_2", "x": 180, "y": 270, "uvlock": true },
				{ "model": "purpur_outer_stairs_3", "x": 180, "y": 270, "uvlock": true },
				{ "model": "purpur_outer_stairs_4", "x": 180, "y": 270, "uvlock": true },
				{ "model": "purpur_outer_stairs_5", "x": 180, "y": 270, "uvlock": true },
				{ "model": "purpur_outer_stairs_6", "x": 180, "y": 270, "uvlock": true },
				{ "model": "purpur_outer_stairs_7", "x": 180, "y": 270, "uvlock": true } ],
        "facing=south,half=top,shape=outer_right": [ { "model": "purpur_outer_stairs", "x": 180, "y": 180, "uvlock": true },
				{ "model": "purpur_outer_stairs_0", "x": 180, "y": 180, "uvlock": true },
				{ "model": "purpur_outer_stairs_1", "x": 180, "y": 180, "uvlock": true },
				{ "model": "purpur_outer_stairs_2", "x": 180, "y": 180, "uvlock": true },
				{ "model": "purpur_outer_stairs_3", "x": 180, "y": 180, "uvlock": true },
				{ "model": "purpur_outer_stairs_4", "x": 180, "y": 180, "uvlock": true },
				{ "model": "purpur_outer_stairs_5", "x": 180, "y": 180, "uvlock": true },
				{ "model": "purpur_outer_stairs_6", "x": 180, "y": 180, "uvlock": true },
				{ "model": "purpur_outer_stairs_7", "x": 180, "y": 180, "uvlock": true } ],
        "facing=north,half=top,shape=outer_right": [ { "model": "purpur_outer_stairs", "x": 180, "uvlock": true },
				{ "model": "purpur_outer_stairs_0", "x": 180, "uvlock": true },
				{ "model": "purpur_outer_stairs_1", "x": 180, "uvlock": true },
				{ "model": "purpur_outer_stairs_2", "x": 180, "uvlock": true },
				{ "model": "purpur_outer_stairs_3", "x": 180, "uvlock": true },
				{ "model": "purpur_outer_stairs_4", "x": 180, "uvlock": true },
				{ "model": "purpur_outer_stairs_5", "x": 180, "uvlock": true },
				{ "model": "purpur_outer_stairs_6", "x": 180, "uvlock": true },
				{ "model": "purpur_outer_stairs_7", "x": 180, "uvlock": true } ],
        "facing=east,half=top,shape=outer_left":  [ { "model": "purpur_outer_stairs", "x": 180, "uvlock": true },
				{ "model": "purpur_outer_stairs_0", "x": 180, "uvlock": true },
				{ "model": "purpur_outer_stairs_1", "x": 180, "uvlock": true },
				{ "model": "purpur_outer_stairs_2", "x": 180, "uvlock": true },
				{ "model": "purpur_outer_stairs_3", "x": 180, "uvlock": true },
				{ "model": "purpur_outer_stairs_4", "x": 180, "uvlock": true },
				{ "model": "purpur_outer_stairs_5", "x": 180, "uvlock": true },
				{ "model": "purpur_outer_stairs_6", "x": 180, "uvlock": true },
				{ "model": "purpur_outer_stairs_7", "x": 180, "uvlock": true } ],
        "facing=west,half=top,shape=outer_left":  [ { "model": "purpur_outer_stairs", "x": 180, "y": 180, "uvlock": true },
				{ "model": "purpur_outer_stairs_0", "x": 180, "y": 180, "uvlock": true },
				{ "model": "purpur_outer_stairs_1", "x": 180, "y": 180, "uvlock": true },
				{ "model": "purpur_outer_stairs_2", "x": 180, "y": 180, "uvlock": true },
				{ "model": "purpur_outer_stairs_3", "x": 180, "y": 180, "uvlock": true },
				{ "model": "purpur_outer_stairs_4", "x": 180, "y": 180, "uvlock": true },
				{ "model": "purpur_outer_stairs_5", "x": 180, "y": 180, "uvlock": true },
				{ "model": "purpur_outer_stairs_6", "x": 180, "y": 180, "uvlock": true },
				{ "model": "purpur_outer_stairs_7", "x": 180, "y": 180, "uvlock": true } ],
        "facing=south,half=top,shape=outer_left": [{ "model": "purpur_outer_stairs", "x": 180, "y": 90, "uvlock": true },
				{ "model": "purpur_outer_stairs_0", "x": 180, "y": 90, "uvlock": true },
				{ "model": "purpur_outer_stairs_1", "x": 180, "y": 90, "uvlock": true },
				{ "model": "purpur_outer_stairs_2", "x": 180, "y": 90, "uvlock": true },
				{ "model": "purpur_outer_stairs_3", "x": 180, "y": 90, "uvlock": true },
				{ "model": "purpur_outer_stairs_4", "x": 180, "y": 90, "uvlock": true },
				{ "model": "purpur_outer_stairs_5", "x": 180, "y": 90, "uvlock": true },
				{ "model": "purpur_outer_stairs_6", "x": 180, "y": 90, "uvlock": true },
				{ "model": "purpur_outer_stairs_7", "x": 180, "y": 90, "uvlock": true } ],
        "facing=north,half=top,shape=outer_left": [ { "model": "purpur_outer_stairs", "x": 180, "y": 270, "uvlock": true },
				{ "model": "purpur_outer_stairs_0", "x": 180, "y": 270, "uvlock": true },
				{ "model": "purpur_outer_stairs_1", "x": 180, "y": 270, "uvlock": true },
				{ "model": "purpur_outer_stairs_2", "x": 180, "y": 270, "uvlock": true },
				{ "model": "purpur_outer_stairs_3", "x": 180, "y": 270, "uvlock": true },
				{ "model": "purpur_outer_stairs_4", "x": 180, "y": 270, "uvlock": true },
				{ "model": "purpur_outer_stairs_5", "x": 180, "y": 270, "uvlock": true },
				{ "model": "purpur_outer_stairs_6", "x": 180, "y": 270, "uvlock": true },
				{ "model": "purpur_outer_stairs_7", "x": 180, "y": 270, "uvlock": true } ],
        "facing=east,half=top,shape=inner_right":  [ { "model": "purpur_inner_stairs", "x": 180, "y": 90, "uvlock": true },
				{ "model": "purpur_inner_stairs_0", "x": 180, "y": 90, "uvlock": true },
				{ "model": "purpur_inner_stairs_1", "x": 180, "y": 90, "uvlock": true },
				{ "model": "purpur_inner_stairs_2", "x": 180, "y": 90, "uvlock": true },
				{ "model": "purpur_inner_stairs_3", "x": 180, "y": 90, "uvlock": true },
				{ "model": "purpur_inner_stairs_4", "x": 180, "y": 90, "uvlock": true },
				{ "model": "purpur_inner_stairs_5", "x": 180, "y": 90, "uvlock": true },
				{ "model": "purpur_inner_stairs_6", "x": 180, "y": 90, "uvlock": true },
				{ "model": "purpur_inner_stairs_7", "x": 180, "y": 90, "uvlock": true } ],
        "facing=west,half=top,shape=inner_right":  [ { "model": "purpur_inner_stairs", "x": 180, "y": 270, "uvlock": true },
				{ "model": "purpur_inner_stairs_0", "x": 180, "y": 270, "uvlock": true },
				{ "model": "purpur_inner_stairs_1", "x": 180, "y": 270, "uvlock": true },
				{ "model": "purpur_inner_stairs_2", "x": 180, "y": 270, "uvlock": true },
				{ "model": "purpur_inner_stairs_3", "x": 180, "y": 270, "uvlock": true },
				{ "model": "purpur_inner_stairs_4", "x": 180, "y": 270, "uvlock": true },
				{ "model": "purpur_inner_stairs_5", "x": 180, "y": 270, "uvlock": true },
				{ "model": "purpur_inner_stairs_6", "x": 180, "y": 270, "uvlock": true },
				{ "model": "purpur_inner_stairs_7", "x": 180, "y": 270, "uvlock": true } ],
        "facing=south,half=top,shape=inner_right": [ { "model": "purpur_inner_stairs", "x": 180, "y": 180, "uvlock": true },
				{ "model": "purpur_inner_stairs_0", "x": 180, "y": 180, "uvlock": true },
				{ "model": "purpur_inner_stairs_1", "x": 180, "y": 180, "uvlock": true },
				{ "model": "purpur_inner_stairs_2", "x": 180, "y": 180, "uvlock": true },
				{ "model": "purpur_inner_stairs_3", "x": 180, "y": 180, "uvlock": true },
				{ "model": "purpur_inner_stairs_4", "x": 180, "y": 180, "uvlock": true },
				{ "model": "purpur_inner_stairs_5", "x": 180, "y": 180, "uvlock": true },
				{ "model": "purpur_inner_stairs_6", "x": 180, "y": 180, "uvlock": true },
				{ "model": "purpur_inner_stairs_7", "x": 180, "y": 180, "uvlock": true } ],
        "facing=north,half=top,shape=inner_right": [ { "model": "purpur_inner_stairs", "x": 180, "uvlock": true },
				{ "model": "purpur_inner_stairs_0", "x": 180, "uvlock": true },
				{ "model": "purpur_inner_stairs_1", "x": 180, "uvlock": true },
				{ "model": "purpur_inner_stairs_2", "x": 180, "uvlock": true },
				{ "model": "purpur_inner_stairs_3", "x": 180, "uvlock": true },
				{ "model": "purpur_inner_stairs_4", "x": 180, "uvlock": true },
				{ "model": "purpur_inner_stairs_5", "x": 180, "uvlock": true },
				{ "model": "purpur_inner_stairs_6", "x": 180, "uvlock": true },
				{ "model": "purpur_inner_stairs_7", "x": 180, "uvlock": true } ],
        "facing=east,half=top,shape=inner_left":  [ { "model": "purpur_inner_stairs", "x": 180, "uvlock": true },
				{ "model": "purpur_inner_stairs_0", "x": 180, "uvlock": true },
				{ "model": "purpur_inner_stairs_1", "x": 180, "uvlock": true },
				{ "model": "purpur_inner_stairs_2", "x": 180, "uvlock": true },
				{ "model": "purpur_inner_stairs_3", "x": 180, "uvlock": true },
				{ "model": "purpur_inner_stairs_4", "x": 180, "uvlock": true },
				{ "model": "purpur_inner_stairs_5", "x": 180, "uvlock": true },
				{ "model": "purpur_inner_stairs_6", "x": 180, "uvlock": true },
				{ "model": "purpur_inner_stairs_7", "x": 180, "uvlock": true } ],
        "facing=west,half=top,shape=inner_left":  [ { "model": "purpur_inner_stairs", "x": 180, "y": 180, "uvlock": true },
				{ "model": "purpur_inner_stairs_0", "x": 180, "y": 180, "uvlock": true },
				{ "model": "purpur_inner_stairs_1", "x": 180, "y": 180, "uvlock": true },
				{ "model": "purpur_inner_stairs_2", "x": 180, "y": 180, "uvlock": true },
				{ "model": "purpur_inner_stairs_3", "x": 180, "y": 180, "uvlock": true },
				{ "model": "purpur_inner_stairs_4", "x": 180, "y": 180, "uvlock": true },
				{ "model": "purpur_inner_stairs_5", "x": 180, "y": 180, "uvlock": true },
				{ "model": "purpur_inner_stairs_6", "x": 180, "y": 180, "uvlock": true },
				{ "model": "purpur_inner_stairs_7", "x": 180, "y": 180, "uvlock": true } ],
        "facing=south,half=top,shape=inner_left": [ { "model": "purpur_inner_stairs", "x": 180, "y": 90, "uvlock": true },
				{ "model": "purpur_inner_stairs_0", "x": 180, "y": 90, "uvlock": true },
				{ "model": "purpur_inner_stairs_1", "x": 180, "y": 90, "uvlock": true },
				{ "model": "purpur_inner_stairs_2", "x": 180, "y": 90, "uvlock": true },
				{ "model": "purpur_inner_stairs_3", "x": 180, "y": 90, "uvlock": true },
				{ "model": "purpur_inner_stairs_4", "x": 180, "y": 90, "uvlock": true },
				{ "model": "purpur_inner_stairs_5", "x": 180, "y": 90, "uvlock": true },
				{ "model": "purpur_inner_stairs_6", "x": 180, "y": 90, "uvlock": true },
				{ "model": "purpur_inner_stairs_7", "x": 180, "y": 90, "uvlock": true } ],
        "facing=north,half=top,shape=inner_left": [ { "model": "purpur_inner_stairs", "x": 180, "y": 270, "uvlock": true },
				{ "model": "purpur_inner_stairs_0", "x": 180, "y": 270, "uvlock": true },
				{ "model": "purpur_inner_stairs_1", "x": 180, "y": 270, "uvlock": true },
				{ "model": "purpur_inner_stairs_2", "x": 180, "y": 270, "uvlock": true },
				{ "model": "purpur_inner_stairs_3", "x": 180, "y": 270, "uvlock": true },
				{ "model": "purpur_inner_stairs_4", "x": 180, "y": 270, "uvlock": true },
				{ "model": "purpur_inner_stairs_5", "x": 180, "y": 270, "uvlock": true },
				{ "model": "purpur_inner_stairs_6", "x": 180, "y": 270, "uvlock": true },
				{ "model": "purpur_inner_stairs_7", "x": 180, "y": 270, "uvlock": true } ]
    }
}
