{
    "variants": {
        "axis=y":  [ { "model": "spruce_log", "weight":20 },
				{ "model": "spruce_log_0", "weight":20 },
				{ "model": "spruce_log_1" },
				{ "model": "spruce_log_2" },
				{ "model": "spruce_log_3" },
				{ "model": "spruce_log_4" },
				{ "model": "spruce_log_5" },
				{ "model": "spruce_log_6" },
				{ "model": "spruce_log_7", "weight":20 },
				{ "model": "spruce_log_8", "weight":20 } ],
        "axis=z":   [ { "model": "spruce_log", "x": 90, "weight":20 },
				{ "model": "spruce_log_0", "x": 90, "weight":20 },
				{ "model": "spruce_log_1", "x": 90 },
				{ "model": "spruce_log_2", "x": 90 },
				{ "model": "spruce_log_3", "x": 90 },
				{ "model": "spruce_log_4", "x": 90 },
				{ "model": "spruce_log_5", "x": 90 },
				{ "model": "spruce_log_6", "x": 90 },
				{ "model": "spruce_log_7", "x": 90, "weight":20 },
				{ "model": "spruce_log_8", "x": 90, "weight":20 } ],
        "axis=x":   [ { "model": "spruce_log", "x": 90, "y": 90, "weight":20 },
				{ "model": "spruce_log_0", "x": 90, "y": 90, "weight":20 },
				{ "model": "spruce_log_1", "x": 90, "y": 90 },
				{ "model": "spruce_log_2", "x": 90, "y": 90 },
				{ "model": "spruce_log_3", "x": 90, "y": 90 },
				{ "model": "spruce_log_4", "x": 90, "y": 90 },
				{ "model": "spruce_log_5", "x": 90, "y": 90 },
				{ "model": "spruce_log_6", "x": 90, "y": 90 },
				{ "model": "spruce_log_7", "x": 90, "y": 90, "weight":20 },
				{ "model": "spruce_log_8", "x": 90, "y": 90, "weight":20 } ],
        "axis=none": [ { "model": "spruce_bark", "weight":20 },
				{ "model": "spruce_bark_0", "weight":20 },
				{ "model": "spruce_bark_1" },
				{ "model": "spruce_bark_2" },
				{ "model": "spruce_bark_3" },
				{ "model": "spruce_bark_4" },
				{ "model": "spruce_bark_5" },
				{ "model": "spruce_bark_6" },
				{ "model": "spruce_bark_7", "weight":20 },
				{ "model": "spruce_bark_8", "weight":20 } ]
    }
}
